CDU_ID,GEO_CODE,GEO_LABEL,GEO_TYPE,GEO_TYP2,F105,F168,F169,F170,F171,F173,F174,F175,F176,F177,F178,F179,F180,F181,F182,F183
,,,,,Age : Age 100 and over - Unit : Persons,Age : Age 0 to 4 - Unit : Persons,Age : Age 5 to 7 - Unit : Persons,Age : Age 8 to 9 - Unit : Persons,Age : Age 10 to 14 - Unit : Persons,Age : Age 16 to 17 - Unit : Persons,Age : Age 18 to 19 - Unit : Persons,Age : Age 20 to 24 - Unit : Persons,Age : Age 25 to 29 - Unit : Persons,Age : Age 30 to 44 - Unit : Persons,Age : Age 45 to 59 - Unit : Persons,Age : Age 60 to 64 - Unit : Persons,Age : Age 65 to 74 - Unit : Persons,Age : Age 75 to 84 - Unit : Persons,Age : Age 85 to 89 - Unit : Persons,Age : Age 90 and over - Unit : Persons
402,S12000005,Clackmannanshire,Local Authorities,LA,4,2927,1608,1100,3060,1354,1242,2856,2932,10712,11230,3571,4874,2525,566,247
403,S12000006,Dumfries & Galloway,Local Authorities,LA,25,7660,4568,2810,8270,3864,3027,7692,7375,25518,33962,11672,17997,11257,2582,1214
404,S12000008,East Ayrshire,Local Authorities,LA,11,6762,3913,2481,6926,3122,3078,7514,6986,24212,26601,8348,11915,7104,1519,769
405,S12000010,East Lothian,Local Authorities,LA,23,5925,3443,2098,5898,2580,2610,5292,4805,19487,22121,6431,9495,6061,1483,724
406,S12000011,East Renfrewshire,Local Authorities,LA,19,4984,3307,2251,6131,2578,2288,5085,3528,16341,20881,5692,8365,5760,1444,711
407,S12000013,Eilean Siar,Local Authorities,LA,6,1354,847,566,1529,669,535,1228,1258,5068,6105,2174,3197,1987,539,246
408,S12000014,Falkirk,Local Authorities,LA,20,9339,5239,3172,8848,3738,3804,8802,9310,33652,32947,10064,14051,8457,1925,863
409,S12000015,Fife,Local Authorities,LA,63,20775,11736,7420,20186,8852,9532,24141,20802,71267,77140,24996,35181,21155,5188,2547
410,S12000017,Highland,Local Authorities,LA,47,12705,7457,4951,13432,5821,4576,11571,12837,43325,52600,16964,23863,14161,3378,1638
411,S12000018,Inverclyde,Local Authorities,LA,10,4204,2483,1529,4498,1979,2098,4999,4726,15277,18518,5380,7916,5103,1159,598
412,S12000019,Midlothian,Local Authorities,LA,9,4878,2877,1804,5047,2125,2039,4766,4457,16432,18069,5793,7830,4603,998,472
413,S12000020,Moray,Local Authorities,LA,13,5246,2907,1980,5638,2496,2148,5011,5326,17834,19831,6383,9381,5885,1292,664
414,S12000021,North Ayrshire,Local Authorities,LA,24,7420,4336,2894,8010,3596,3358,7946,7287,25506,30157,9915,14583,8443,1897,975
415,S12000023,Orkney Islands,Local Authorities,LA,7,1107,606,398,1205,547,449,1133,1048,3870,4851,1606,2438,1302,305,174
416,S12000024,Perth & Kinross,Local Authorities,LA,36,7317,4337,2970,8704,3629,3205,7515,8063,26644,32237,10621,15632,10174,2547,1210
417,S12000026,Scottish Borders,Local Authorities,LA,24,5712,3522,2383,6335,2687,2333,5272,5029,20495,25957,8937,12951,7899,2004,965
418,S12000027,Shetland Islands,Local Authorities,LA,3,1389,802,524,1450,629,516,1295,1253,4606,5063,1557,2143,1178,296,160
419,S12000028,South Ayrshire,Local Authorities,LA,18,5512,3250,2162,6207,2760,2424,6150,5549,19737,25132,8407,13037,8155,2070,998
420,S12000029,South Lanarkshire,Local Authorities,LA,45,17401,10008,6478,17935,7832,7732,17620,18168,63875,70378,19798,29219,17937,3936,1851
421,S12000030,Stirling,Local Authorities,LA,13,4415,2925,1865,5598,2171,3232,7235,4842,16566,18841,5812,8541,5161,1203,628
422,S12000033,Aberdeen City,Local Authorities,LA,39,11512,5633,3539,9401,4369,8273,23207,21216,46610,42498,12454,16242,11680,2792,1317
423,S12000034,Aberdeenshire,Local Authorities,LA,36,15138,8475,5533,15146,6731,5465,13154,13194,52052,56797,17528,22571,13201,3325,1566
424,S12000035,Argyll & Bute,Local Authorities,LA,32,4107,2623,1689,4919,2199,1802,4438,4164,14857,19744,7191,10761,6243,1534,798
425,S12000036,"Edinburgh, City of",Local Authorities,LA,93,26163,12549,7945,21062,9134,14912,47822,45324,105409,88275,25061,34081,24528,6579,3299
426,S12000038,Renfrewshire,Local Authorities,LA,15,9636,5566,3512,9904,4159,4547,11018,10699,34746,38536,11021,16147,9979,2232,1121
427,S12000039,West Dunbartonshire,Local Authorities,LA,11,5236,2871,1789,4978,2258,2430,5834,5743,17598,20269,5672,8062,5123,1123,608
428,S12000040,West Lothian,Local Authorities,LA,20,11565,6538,4184,10848,4623,4138,10391,10772,38489,37007,10358,14373,7379,1479,656
429,S12000041,Angus,Local Authorities,LA,25,5967,3677,2419,6802,2930,2567,5983,6040,21200,25203,8736,12281,7875,1963,942
430,S12000042,Dundee City,Local Authorities,LA,19,7791,4205,2650,7390,3044,6084,15337,11733,26174,28063,8532,12352,9019,2249,977
431,S12000044,North Lanarkshire,Local Authorities,LA,26,20549,11920,7554,20553,8357,8712,21041,21790,71409,70984,20169,28926,16708,3299,1450
432,S12000045,East Dunbartonshire,Local Authorities,LA,17,5152,3442,2238,6388,2801,2678,5950,4332,18215,24579,7329,10977,7200,1579,672
433,S12000046,Glasgow City,Local Authorities,LA,101,32973,16576,10483,29317,12632,20448,56642,55044,129266,113071,28350,42410,29397,7022,3336
8716,S13002476,Dyce / Bucksburn / Danestone,Wards and Electoral Divisions,WED,5,928,414,277,761,416,427,1060,1377,3770,3932,1385,2000,1196,292,167
8717,S13002477,Bridge of Don,Wards and Electoral Divisions,WED,1,848,467,328,908,496,425,1016,1134,3504,4453,1507,1628,852,190,87
8718,S13002478,Kingswells / Sheddocksley,Wards and Electoral Divisions,WED,1,1019,598,358,836,304,324,774,926,3345,3251,837,1111,927,183,76
8719,S13002479,Northfield,Wards and Electoral Divisions,WED,1,1120,644,416,1114,500,505,1099,1149,3442,3586,1071,1237,778,182,63
8720,S13002480,Hilton / Stockethill,Wards and Electoral Divisions,WED,3,901,400,227,541,282,380,1609,1503,3257,2604,843,1268,1040,225,96
8721,S13002481,Tillydrone / Seaton / Old Aberdeen,Wards and Electoral Divisions,WED,0,915,331,179,458,186,2161,3539,2093,3089,2150,711,873,585,121,43
8722,S13002482,Midstocket / Rosemount ,Wards and Electoral Divisions,WED,5,622,266,176,454,198,406,2188,2231,3522,2559,730,891,680,185,87
8723,S13002483,George St / Harbour ,Wards and Electoral Divisions,WED,1,574,208,83,223,155,1719,5073,3170,3636,1841,499,498,412,107,54
8724,S13002484,Lower Deeside ,Wards and Electoral Divisions,WED,5,768,519,336,1104,456,297,675,578,2690,3702,997,1386,897,224,133
8725,S13002485,Hazlehead / Ashley / Queens Cross ,Wards and Electoral Divisions,WED,4,858,487,322,831,383,321,1295,1628,4051,3895,1091,1542,1304,320,168
8726,S13002486,Airyhall / Broomhill / Garthdee ,Wards and Electoral Divisions,WED,6,865,396,234,595,310,374,1352,1323,3383,3090,907,1368,1230,371,158
8727,S13002487,Torry / Ferryhill ,Wards and Electoral Divisions,WED,4,1179,465,293,759,323,555,2583,3021,5532,3769,915,1152,853,224,132
8728,S13002488,Kincorth / Loirston ,Wards and Electoral Divisions,WED,3,915,438,310,817,360,379,944,1083,3389,3666,961,1288,926,168,53
8729,S13002489,Banff and District ,Wards and Electoral Divisions,WED,5,639,332,237,657,296,247,582,535,2016,2422,951,1343,806,198,122
8730,S13002490,Troup ,Wards and Electoral Divisions,WED,2,551,309,202,564,275,246,573,527,1924,2245,750,1103,560,129,61
8731,S13002491,Fraserburgh and District ,Wards and Electoral Divisions,WED,4,931,479,336,909,418,389,1012,1020,3232,3087,1040,1423,880,209,125
8732,S13002492,Central Buchan ,Wards and Electoral Divisions,WED,0,714,421,315,782,355,290,676,665,2642,3054,991,1357,707,200,57
8733,S13002493,Peterhead North and Rattray ,Wards and Electoral Divisions,WED,0,941,487,323,816,402,381,1166,1020,3051,3278,1000,1391,899,181,86
8734,S13002494,Peterhead South and Cruden ,Wards and Electoral Divisions,WED,1,627,321,225,654,286,283,696,677,2415,2519,888,1130,632,145,67
8735,S13002495,Turriff and District ,Wards and Electoral Divisions,WED,1,675,372,250,721,324,247,602,604,2454,2701,785,1186,711,232,75
8736,S13002496,Mid Formartine ,Wards and Electoral Divisions,WED,1,1120,596,372,982,424,325,682,816,3684,3679,1008,1090,567,119,58
8737,S13002497,Ellon and District ,Wards and Electoral Divisions,WED,4,879,453,307,826,388,365,736,736,3016,3496,1041,1220,700,179,88
8738,S13002498,West Garioch ,Wards and Electoral Divisions,WED,7,676,410,256,725,331,235,531,527,2395,2699,846,961,498,133,83
8739,S13002499,Inverurie and District ,Wards and Electoral Divisions,WED,1,822,409,236,673,302,292,782,869,2881,2750,829,1149,842,197,76
8740,S13002500,East Garioch ,Wards and Electoral Divisions,WED,1,1215,599,335,826,273,212,558,826,3599,2475,758,829,406,90,36
8741,S13002501,Westhill and District ,Wards and Electoral Divisions,WED,0,883,511,346,1006,412,316,723,741,3166,3549,943,1020,561,130,43
8742,S13002502,"Huntly, Strathbogie and Howe of Alford ",Wards and Electoral Divisions,WED,1,777,472,367,916,391,310,687,587,2693,3615,1180,1463,1006,274,121
8743,S13002503,"Aboyne, Upper Deeside and Donside ",Wards and Electoral Divisions,WED,2,595,357,210,659,303,185,482,442,1974,2457,861,1210,830,221,128
8744,S13002504,Banchory and Mid Deeside ,Wards and Electoral Divisions,WED,1,636,364,254,752,324,228,474,449,1987,2572,782,1060,688,192,89
8745,S13002505,North Kincardine ,Wards and Electoral Divisions,WED,0,786,508,325,854,434,335,803,760,2981,3436,839,1064,502,73,42
8746,S13002506,Stonehaven and Lower Deeside ,Wards and Electoral Divisions,WED,3,845,542,345,980,447,315,785,722,3061,3648,1088,1381,761,222,112
8747,S13002507,Mearns ,Wards and Electoral Divisions,WED,2,826,533,292,844,346,264,604,671,2881,3115,948,1191,645,201,97
8748,S13002508,Kirriemuir and Dean ,Wards and Electoral Divisions,WED,1,516,284,222,678,279,219,514,519,1821,2529,803,1219,726,180,94
8749,S13002509,Brechin and Edzell ,Wards and Electoral Divisions,WED,3,560,340,221,705,310,272,621,598,2102,2598,788,1249,832,223,94
8750,S13002510,Forfar and District ,Wards and Electoral Divisions,WED,5,862,505,315,822,399,353,816,925,2911,3352,1172,1670,1195,318,141
8751,S13002512,Carnoustie and District ,Wards and Electoral Divisions,WED,3,729,452,296,793,327,264,642,645,2376,2964,1123,1431,817,188,109
8752,S13002513,Arbroath West and Letham ,Wards and Electoral Divisions,WED,5,761,450,343,883,391,369,826,856,2862,3326,1199,1737,1070,234,105
8753,S13002514,Arbroath East and Lunan ,Wards and Electoral Divisions,WED,3,932,547,341,969,431,428,1019,1073,3034,3284,1140,1572,967,246,100
8754,S13002515,Montrose and District ,Wards and Electoral Divisions,WED,0,851,514,331,871,383,346,878,897,3163,3318,1145,1582,1018,293,154
8755,S13002516,South Kintyre ,Wards and Electoral Divisions,WED,4,356,199,120,429,187,141,358,306,1189,1550,589,997,633,146,75
8756,S13002517,Kintyre and the Islands ,Wards and Electoral Divisions,WED,3,220,175,105,298,139,94,252,261,980,1354,551,782,423,112,48
8757,S13002518,Mid Argyll ,Wards and Electoral Divisions,WED,0,329,259,146,456,211,124,312,338,1392,1812,607,965,499,107,57
8758,S13002519,Oban South and the Isles ,Wards and Electoral Divisions,WED,4,598,330,198,602,277,209,543,573,1918,2304,745,1017,582,141,81
8759,S13002520,Oban North and Lorn ,Wards and Electoral Divisions,WED,4,440,234,211,565,233,170,430,446,1689,2298,818,1199,664,162,71
8760,S13002521,Cowal ,Wards and Electoral Divisions,WED,4,229,171,111,369,154,93,247,241,958,1651,770,1211,694,168,89
8761,S13002522,Dunoon ,Wards and Electoral Divisions,WED,1,421,228,145,445,186,179,391,354,1297,1649,601,953,588,129,81
8762,S13002523,Isle of Bute ,Wards and Electoral Divisions,WED,1,268,183,106,306,162,150,291,267,894,1453,604,934,593,148,70
8763,S13002524,Lomond North ,Wards and Electoral Divisions,WED,1,349,267,153,440,198,250,749,562,1445,1994,624,908,478,108,52
8764,S13002525,Helensburgh Central ,Wards and Electoral Divisions,WED,9,412,282,207,525,241,220,471,433,1628,2031,814,1144,738,236,137
8765,S13002526,Helensburgh and Lomond South ,Wards and Electoral Divisions,WED,1,485,295,187,484,211,172,394,383,1467,1648,468,651,351,77,37
8766,S13002527,Clackmannanshire West ,Wards and Electoral Divisions,WED,2,861,466,277,711,302,288,731,840,2979,2661,736,987,452,119,50
8767,S13002528,Clackmannanshire North ,Wards and Electoral Divisions,WED,0,501,299,224,574,279,282,631,517,2075,2512,905,1203,605,127,43
8768,S13002529,Clackmannanshire Central ,Wards and Electoral Divisions,WED,1,466,248,156,505,206,191,472,502,1697,1878,611,816,441,82,41
8769,S13002530,Clackmannanshire South ,Wards and Electoral Divisions,WED,1,792,379,275,757,332,298,748,814,2735,2521,743,1039,590,149,71
8770,S13002531,Clackmannanshire East ,Wards and Electoral Divisions,WED,0,307,216,168,513,235,183,274,259,1226,1658,576,829,437,89,42
8771,S13002532,Stranraer and North Rhins ,Wards and Electoral Divisions,WED,0,611,294,188,558,230,199,526,564,1624,2022,689,1183,657,155,67
8772,S13002533,Wigtown West ,Wards and Electoral Divisions,WED,1,399,268,169,485,237,170,395,365,1476,2072,820,1181,693,156,53
8773,S13002534,Mid Galloway ,Wards and Electoral Divisions,WED,0,466,265,184,492,220,177,492,459,1482,2108,829,1324,759,169,87
8774,S13002535,Dee ,Wards and Electoral Divisions,WED,4,397,264,161,469,218,188,399,368,1442,2117,875,1294,852,188,117
8775,S13002536,Castle Douglas and Glenkens ,Wards and Electoral Divisions,WED,3,469,289,208,574,255,164,444,431,1615,2395,876,1340,871,192,78
8776,S13002537,Abbey ,Wards and Electoral Divisions,WED,6,517,331,205,602,272,200,510,548,1830,2662,960,1448,1014,275,132
8777,S13002538,North West Dumfries ,Wards and Electoral Divisions,WED,2,986,556,288,824,405,363,986,895,2720,2844,833,1267,934,201,105
8778,S13002539,Mid and Upper Nithsdale ,Wards and Electoral Divisions,WED,0,553,370,237,714,381,247,555,469,1962,2866,976,1476,903,217,87
8779,S13002540,Lochar ,Wards and Electoral Divisions,WED,1,607,362,238,692,318,236,581,615,2263,2683,758,1365,853,156,71
8780,S13002541,Nith ,Wards and Electoral Divisions,WED,5,597,348,217,641,323,280,871,788,2347,3007,935,1244,777,206,92
8781,S13002542,Annandale South ,Wards and Electoral Divisions,WED,0,809,457,281,827,331,290,783,713,2546,3344,1020,1640,992,232,89
8782,S13002543,Annandale North ,Wards and Electoral Divisions,WED,3,705,420,238,779,364,271,643,665,2301,3104,1171,1730,1074,250,142
8783,S13002544,Annandale East and Eskdale ,Wards and Electoral Divisions,WED,0,544,344,196,613,310,242,507,495,1910,2738,930,1505,878,185,94
8784,S13002545,Strathmartine ,Wards and Electoral Divisions,WED,1,1219,723,449,1287,520,508,1131,1128,3731,4161,1205,1767,979,204,95
8785,S13002546,Lochee ,Wards and Electoral Divisions,WED,1,1176,643,392,1005,405,475,1341,1470,3318,4015,1137,1693,1458,321,118
8786,S13002547,West End ,Wards and Electoral Divisions,WED,5,676,327,216,599,293,2152,5020,2204,3061,2796,736,1092,878,296,129
8787,S13002548,Coldside ,Wards and Electoral Divisions,WED,3,822,431,260,620,347,923,2261,1937,3447,3635,1198,1917,1495,340,151
8788,S13002549,Maryfield ,Wards and Electoral Divisions,WED,1,674,292,212,586,257,703,2768,2066,3079,2843,760,1047,750,156,70
8789,S13002551,East End ,Wards and Electoral Divisions,WED,5,1125,610,358,988,360,519,1071,1110,2866,3258,1101,1411,1095,308,144
8790,S13002552,The Ferry ,Wards and Electoral Divisions,WED,2,890,563,360,1069,428,371,808,827,3404,4196,1445,2301,1854,510,236
8791,S13002553,Annick ,Wards and Electoral Divisions,WED,1,705,430,259,735,297,276,709,615,2498,2753,934,1223,655,127,71
8792,S13002554,Kilmarnock North ,Wards and Electoral Divisions,WED,3,967,577,350,807,350,362,767,786,3033,2672,716,749,423,124,70
8793,S13002555,Kilmarnock West and Crosshouse ,Wards and Electoral Divisions,WED,2,746,414,254,728,333,327,1051,1017,3127,3434,1008,1540,1074,313,149
8794,S13002556,Kilmarnock East and Hurlford ,Wards and Electoral Divisions,WED,1,774,443,345,866,394,409,936,871,2987,3047,1050,1711,867,167,87
8795,S13002557,Kilmarnock South ,Wards and Electoral Divisions,WED,0,716,414,221,643,272,281,714,726,2072,2353,661,925,814,141,65
8796,S13002558,Irvine Valley ,Wards and Electoral Divisions,WED,0,711,428,266,866,383,375,866,808,2894,3453,1098,1545,806,169,103
8797,S13002559,Ballochmyle ,Wards and Electoral Divisions,WED,1,802,446,247,798,412,394,930,787,2743,3280,1076,1555,928,155,92
8798,S13002560,Cumnock and New Cumnock ,Wards and Electoral Divisions,WED,0,731,395,299,791,386,355,872,791,2688,3217,1021,1498,906,184,77
8799,S13002561,Doon Valley ,Wards and Electoral Divisions,WED,3,610,366,240,692,295,299,669,585,2170,2392,784,1169,631,139,55
8800,S13002562,Milngavie ,Wards and Electoral Divisions,WED,2,658,446,270,814,375,306,624,430,2226,3114,929,1401,1081,269,117
8801,S13002563,Bearsden North ,Wards and Electoral Divisions,WED,2,674,492,354,943,389,326,652,430,2406,3191,1006,1506,962,257,109
8802,S13002564,Bearsden South ,Wards and Electoral Divisions,WED,4,589,458,276,792,307,310,660,460,2161,3161,1023,1557,1039,231,114
8803,S13002565,Campsie and Kirkintilloch North ,Wards and Electoral Divisions,WED,3,633,331,233,678,291,301,728,661,2258,2784,837,1161,698,182,95
8804,S13002566,Bishopbriggs North and Torrance ,Wards and Electoral Divisions,WED,1,635,420,306,879,411,375,846,491,2232,3533,954,1637,1215,202,59
8805,S13002568,Lenzie and Kirkintilloch South ,Wards and Electoral Divisions,WED,2,651,462,272,791,372,358,771,591,2380,3193,1047,1459,855,187,67
8806,S13002569,Kirkintilloch East and Twechar ,Wards and Electoral Divisions,WED,2,749,464,272,771,358,373,885,692,2384,2841,805,1127,671,136,48
8807,S13002570,Musselburgh West ,Wards and Electoral Divisions,WED,2,520,289,184,538,240,230,661,570,2143,2437,709,928,657,152,72
8808,S13002571,Musselburgh East and Carberry ,Wards and Electoral Divisions,WED,1,892,450,247,841,454,809,1178,903,2778,2839,784,1058,778,222,98
8809,S13002572,Preston / Seton / Gosford ,Wards and Electoral Divisions,WED,3,1061,565,377,1023,428,404,943,949,3497,3852,1181,1742,972,241,80
8810,S13002573,Fa'side ,Wards and Electoral Divisions,WED,3,1305,699,403,1062,466,417,967,954,3915,3999,1123,1597,971,194,103
8811,S13002574,North Berwick Coastal ,Wards and Electoral Divisions,WED,2,587,429,266,831,333,210,369,339,2087,2875,913,1545,1088,315,167
8812,S13002575,Haddington and Lammermuir ,Wards and Electoral Divisions,WED,7,728,473,297,753,332,271,598,559,2438,3109,789,1343,791,181,99
8813,S13002576,Dunbar and East Linton ,Wards and Electoral Divisions,WED,5,832,538,324,850,327,269,576,531,2629,3010,932,1282,804,178,105
8814,S13002577,"Neilston, Uplawmoor and Newton Mearns North ",Wards and Electoral Divisions,WED,6,1109,721,487,1357,548,473,1058,747,3528,4357,1079,1447,839,229,163
8815,S13002578,Barrhead ,Wards and Electoral Divisions,WED,0,992,589,367,1087,458,471,1191,965,3430,3919,1057,1578,1002,211,84
8816,S13002579,Giffnock and Thornliebank ,Wards and Electoral Divisions,WED,5,712,494,288,877,378,351,813,560,2348,3231,901,1300,1140,345,185
8817,S13002580,"Netherlee, Stamperland and Williamwood ",Wards and Electoral Divisions,WED,3,796,524,385,946,410,304,648,393,2429,3229,836,1270,873,197,97
8818,S13002581,Newton Mearns South ,Wards and Electoral Divisions,WED,2,576,454,349,910,381,311,612,343,2047,2891,929,1434,1011,234,91
8819,S13002582,"Busby, Clarkston and Eaglesham ",Wards and Electoral Divisions,WED,3,799,525,375,954,403,378,763,520,2559,3254,890,1336,895,228,91
8820,S13002583,Almond ,Wards and Electoral Divisions,WED,3,1499,967,608,1572,630,526,1038,1034,4853,5627,1711,2443,1665,384,152
8821,S13002584,Pentland Hills ,Wards and Electoral Divisions,WED,5,1261,734,545,1429,645,1103,1682,1146,4220,5031,1685,2197,1361,275,118
8822,S13002585,Drum Brae / Gyle ,Wards and Electoral Divisions,WED,1,1273,641,400,1161,534,490,1252,1315,4412,5096,1322,1927,1573,424,164
8823,S13002586,Forth ,Wards and Electoral Divisions,WED,4,2601,1188,737,1829,736,821,2212,2898,7740,6267,1599,2184,1476,347,190
8824,S13002587,Inverleith ,Wards and Electoral Divisions,WED,5,1572,754,520,1472,745,517,1754,2798,7231,6241,1735,2535,1985,596,313
8825,S13002588,Corstorphine / Murrayfield ,Wards and Electoral Divisions,WED,15,1333,654,431,1133,515,390,1156,1458,4540,4938,1428,2037,1852,536,294
8826,S13002589,Sighthill / Gorgie ,Wards and Electoral Divisions,WED,3,2261,920,574,1486,592,1008,4151,5048,9157,5884,1765,2311,1360,309,169
8827,S13002590,Colinton / Fairmilehead ,Wards and Electoral Divisions,WED,5,1519,836,583,1538,754,506,1173,1060,4454,5515,1635,2171,1573,399,143
8828,S13002591,Fountainbridge / Craiglockhart ,Wards and Electoral Divisions,WED,5,1057,483,276,754,324,905,3101,2952,5826,4155,1077,1442,1050,288,144
8829,S13002592,Meadows / Morningside ,Wards and Electoral Divisions,WED,12,1373,705,447,1248,496,1278,7158,3740,6594,5336,1412,1869,1439,474,350
8830,S13002593,City Centre ,Wards and Electoral Divisions,WED,3,655,269,164,438,194,1459,5417,3668,5448,3354,965,1114,639,178,82
8831,S13002594,Leith Walk ,Wards and Electoral Divisions,WED,4,1511,503,301,732,315,599,3590,5616,10189,4661,1018,1321,937,264,156
8832,S13002595,Leith ,Wards and Electoral Divisions,WED,6,1560,508,312,776,328,445,2007,3350,7572,4191,1033,1439,903,251,115
8833,S13002596,Craigentinny / Duddingston ,Wards and Electoral Divisions,WED,5,1330,656,383,1050,504,532,1636,2216,5705,5169,1497,2429,1818,426,172
8834,S13002597,Southside / Newington ,Wards and Electoral Divisions,WED,5,1281,688,438,1038,479,2915,7056,3189,5509,4636,1426,1984,1559,538,278
8835,S13002598,Liberton / Gilmerton ,Wards and Electoral Divisions,WED,7,2251,1139,663,1969,764,800,1978,2152,6631,6838,2269,2733,1924,554,309
8836,S13002599,Portobello / Craigmillar ,Wards and Electoral Divisions,WED,5,1826,904,563,1437,579,618,1461,1684,5328,5336,1484,1945,1414,336,150
8837,S13002600,"Barraigh, Bhatarsaigh, Eirisgeigh agus Uibhist a Deas ",Wards and Electoral Divisions,WED,1,196,101,68,192,78,55,118,113,577,718,257,362,215,33,18
8838,S13002601,Beinn na Foghla agus Uibhist a Tuath ,Wards and Electoral Divisions,WED,1,144,95,50,144,71,45,147,124,537,723,225,352,184,51,19
8839,S13002602,Na Hearadh agus Ceann a Deas nan Loch ,Wards and Electoral Divisions,WED,0,74,34,28,95,37,36,76,60,308,412,175,306,161,62,21
8840,S13002603,Sgir'Uige agus Ceann a Tuath nan Loch ,Wards and Electoral Divisions,WED,1,130,80,65,174,85,52,127,103,558,872,301,433,265,74,35
8841,S13002604,Sgire an Rubha ,Wards and Electoral Divisions,WED,1,142,103,63,125,52,40,97,121,505,555,220,270,138,41,17
8842,S13002605,SteÃ²rnabhagh a Deas,Wards and Electoral Divisions,WED,2,168,82,58,175,86,99,207,229,707,784,252,400,338,114,64
8843,S13002606,SteÃ²rnabhagh a Tuath,Wards and Electoral Divisions,WED,0,189,130,93,240,110,93,196,203,784,784,241,367,241,62,34
8844,S13002607,Loch a Tuath ,Wards and Electoral Divisions,WED,0,180,133,80,197,75,57,130,153,564,558,204,280,158,42,15
8845,S13002608,An Taobh Siar agus Nis ,Wards and Electoral Divisions,WED,0,131,89,61,187,75,58,130,152,528,699,299,427,287,60,23
8846,S13002609,Bo'ness and Blackness ,Wards and Electoral Divisions,WED,2,928,490,284,776,304,321,815,947,3225,3169,1130,1496,777,199,73
8847,S13002610,Grangemouth ,Wards and Electoral Divisions,WED,2,1008,511,307,883,389,431,1116,1199,3430,3552,1027,1788,1219,251,97
8848,S13002611,Denny and Banknock ,Wards and Electoral Divisions,WED,2,1087,640,366,1090,460,456,1049,1100,3932,4013,1250,1665,881,201,59
8849,S13002612,"Carse, Kinnaird and Tryst ",Wards and Electoral Divisions,WED,0,1114,653,378,1196,496,468,1041,1103,4178,4382,1241,1681,928,205,115
8850,S13002613,Bonnybridge and Larbert ,Wards and Electoral Divisions,WED,4,1125,693,389,1088,391,367,769,871,3921,3499,1001,1304,802,181,103
8851,S13002614,Falkirk North ,Wards and Electoral Divisions,WED,3,1203,611,380,950,454,442,1230,1420,4479,3889,1144,1772,1259,293,136
8852,S13002615,Falkirk South ,Wards and Electoral Divisions,WED,5,1121,615,400,1084,418,408,1073,1106,4030,3896,1255,1763,1138,258,123
8853,S13002616,Lower Braes ,Wards and Electoral Divisions,WED,2,737,398,242,707,378,512,890,776,2901,2874,1001,1235,746,209,97
8854,S13002617,Upper Braes ,Wards and Electoral Divisions,WED,0,1016,628,426,1074,448,399,819,788,3556,3673,1015,1347,707,128,60
8855,S13002618,West Fife and Coastal Villages ,Wards and Electoral Divisions,WED,0,969,548,363,1110,482,353,892,814,3426,4384,1396,1898,1033,231,90
8856,S13002619,Dunfermline North ,Wards and Electoral Divisions,WED,2,799,397,264,697,311,266,772,894,2947,2939,996,1312,804,241,142
8857,S13002620,Dunfermline Central ,Wards and Electoral Divisions,WED,1,1087,661,403,1046,465,363,1029,1103,4164,4226,1386,1669,992,219,110
8858,S13002621,Dunfermline South ,Wards and Electoral Divisions,WED,2,1726,960,557,1281,539,420,1079,1427,5518,4067,1123,1464,737,157,65
8859,S13002622,Rosyth ,Wards and Electoral Divisions,WED,3,904,555,350,875,376,347,983,1006,3150,3046,959,1193,563,128,77
8860,S13002623,Inverkeithing and Dalgety Bay ,Wards and Electoral Divisions,WED,1,968,574,370,1090,439,316,762,795,3604,3884,1316,1732,888,203,91
8861,S13002624,The Lochs ,Wards and Electoral Divisions,WED,2,786,453,297,720,301,328,726,766,2323,2539,757,1120,734,161,83
8862,S13002625,Cowdenbeath ,Wards and Electoral Divisions,WED,6,783,461,309,721,346,315,768,798,2843,3055,1015,1426,761,218,100
8863,S13002626,Lochgelly and Cardenden ,Wards and Electoral Divisions,WED,1,830,421,278,765,336,305,751,772,2590,2772,836,1161,776,180,103
8864,S13002627,"Burntisland, Kinghorn and Western Kirkcaldy ",Wards and Electoral Divisions,WED,2,893,513,321,848,315,313,741,711,2885,3319,998,1532,830,219,97
8865,S13002628,Kirkcaldy North ,Wards and Electoral Divisions,WED,1,1056,542,328,908,390,346,801,918,3277,3310,1083,1529,877,202,59
8866,S13002629,Kirkcaldy Central ,Wards and Electoral Divisions,WED,4,874,451,301,734,325,373,951,1070,2872,2907,882,1355,1149,302,160
8867,S13002630,Kirkcaldy East ,Wards and Electoral Divisions,WED,5,904,415,242,661,292,292,973,1100,2802,2774,977,1389,959,269,143
8868,S13002631,Glenrothes West and Kinglassie ,Wards and Electoral Divisions,WED,1,1162,630,416,1144,481,445,1074,1143,3773,3789,1150,1779,932,153,60
8869,S13002632,"Glenrothes North, Leslie and Markinch ",Wards and Electoral Divisions,WED,3,1022,576,355,1058,462,424,981,924,3602,4284,1338,1668,915,184,102
8870,S13002633,Glenrothes Central and Thornton ,Wards and Electoral Divisions,WED,5,825,501,291,819,362,309,885,880,2741,2974,1026,1393,969,217,104
8871,S13002634,Howe of Fife and Tay Coast ,Wards and Electoral Divisions,WED,2,696,459,326,850,373,281,606,570,2638,3553,1237,1668,937,207,101
8872,S13002635,Tay Bridgehead ,Wards and Electoral Divisions,WED,2,805,449,256,795,381,265,757,794,2727,3132,982,1398,763,223,105
8873,S13002636,St. Andrews ,Wards and Electoral Divisions,WED,3,412,288,187,477,313,2076,5337,1152,1897,2182,877,1400,1073,335,166
8874,S13002637,East Neuk and Land Ward,Wards and Electoral Divisions,WED,3,470,320,232,681,307,217,546,520,2059,2840,1059,1692,1001,254,134
8875,S13002638,Cupar ,Wards and Electoral Divisions,WED,5,753,406,302,823,359,322,674,624,2732,3150,1060,1569,1038,272,161
8876,S13002639,"Leven, Kennoway and Largo ",Wards and Electoral Divisions,WED,4,902,553,333,1030,456,411,903,955,3300,4177,1313,2077,1272,337,166
8877,S13002640,"Buckhaven, Methil and Wemyss Villages ",Wards and Electoral Divisions,WED,5,1149,603,339,1053,441,445,1150,1066,3397,3837,1230,1757,1152,276,128
8878,S13002641,Linn ,Wards and Electoral Divisions,WED,5,1776,945,586,1852,748,777,1983,2010,6095,6322,1667,2259,1450,372,152
8879,S13002642,Newlands / Auldburn ,Wards and Electoral Divisions,WED,5,1343,737,464,1255,548,550,1424,1542,4559,4816,1302,1963,1340,311,136
8880,S13002643,Greater Pollok ,Wards and Electoral Divisions,WED,4,2178,1251,786,2231,904,994,2237,2101,6950,6994,1454,2176,1441,257,132
8881,S13002644,Craigton ,Wards and Electoral Divisions,WED,7,1920,998,657,1862,747,794,1894,2089,5914,6337,1540,2600,2100,514,220
8882,S13002645,Govan ,Wards and Electoral Divisions,WED,3,1520,783,476,1219,579,825,2688,3260,6728,5575,1430,2069,1508,387,222
8883,S13002646,Pollokshields ,Wards and Electoral Divisions,WED,4,1459,708,462,1119,497,511,1585,2526,5601,4055,1017,1360,957,266,124
8884,S13002647,Langside ,Wards and Electoral Divisions,WED,2,1141,512,311,772,353,440,1494,3031,6535,4247,1116,1391,1025,273,109
8885,S13002648,Southside Central ,Wards and Electoral Divisions,WED,7,1777,828,525,1312,549,913,2433,2977,7488,5102,1230,2047,1341,290,137
8886,S13002649,Calton ,Wards and Electoral Divisions,WED,0,1146,504,305,1044,383,972,3004,2722,4959,3993,1040,1550,1037,210,71
8887,S13002650,Anderston / City ,Wards and Electoral Divisions,WED,1,787,285,177,426,284,3008,7855,4611,6092,3256,765,1142,773,165,67
8888,S13002651,Hillhead ,Wards and Electoral Divisions,WED,5,963,437,291,676,330,1310,6107,3722,5714,3609,981,1252,838,212,112
8889,S13002652,Partick West ,Wards and Electoral Divisions,WED,6,1385,671,466,1242,523,880,3680,3735,7564,6056,1517,2076,1506,433,226
8890,S13002653,Garscadden / Scotstounhill ,Wards and Electoral Divisions,WED,9,1923,961,576,1689,677,759,1828,2148,6422,5898,1394,2274,1741,505,236
8891,S13002654,Drumchapel / Anniesland ,Wards and Electoral Divisions,WED,11,1959,1009,615,1715,701,821,2044,2394,6091,5632,1433,2035,1468,438,221
8892,S13002655,Maryhill / Kelvin ,Wards and Electoral Divisions,WED,7,1536,730,479,1349,608,1079,2535,2420,6045,5877,1642,2160,1428,343,191
8893,S13002656,Canal ,Wards and Electoral Divisions,WED,4,1629,839,531,1493,686,1758,2975,2740,6552,5426,1482,2449,1566,353,187
8894,S13002657,Springburn ,Wards and Electoral Divisions,WED,3,1628,802,477,1182,500,586,1561,1847,5167,4014,909,1649,1104,210,94
8895,S13002658,East Centre ,Wards and Electoral Divisions,WED,5,1433,718,408,1242,557,794,3042,3337,6317,5398,1392,2429,1864,458,218
8896,S13002659,Shettleston ,Wards and Electoral Divisions,WED,5,1389,731,477,1380,662,719,1849,1883,5204,6129,1555,2443,1717,394,181
8897,S13002660,Baillieston ,Wards and Electoral Divisions,WED,3,1774,954,715,2128,927,913,2170,1764,6348,7198,1836,2705,1697,329,156
8898,S13002662,"North, West and Central Sutherland ",Wards and Electoral Divisions,WED,0,245,154,104,331,144,97,214,236,897,1596,581,836,466,99,52
8899,S13002663,Thurso ,Wards and Electoral Divisions,WED,4,407,241,169,427,208,191,449,562,1443,1777,496,871,597,136,59
8900,S13002664,Wick ,Wards and Electoral Divisions,WED,1,450,241,167,422,217,212,472,491,1345,1668,524,717,487,103,35
8901,S13002665,Land Caithness Ward,Wards and Electoral Divisions,WED,2,523,361,222,582,277,181,409,427,1912,2578,919,1337,632,147,50
8902,S13002666,East Sutherland and Edderton ,Wards and Electoral Divisions,WED,2,337,183,150,421,184,149,327,296,1084,1760,647,1067,663,177,93
8903,S13002667,"Wester Ross, Strathpeffer and Lochalsh ",Wards and Electoral Divisions,WED,0,495,351,255,765,306,203,443,445,1959,3161,1020,1470,883,200,104
8904,S13002668,Cromarty Firth ,Wards and Electoral Divisions,WED,4,856,418,306,850,361,287,685,718,2453,2652,933,1314,626,136,79
8905,S13002669,Tain and Easter Ross ,Wards and Electoral Divisions,WED,1,530,313,211,548,222,188,477,446,1610,2059,779,1027,574,132,63
8906,S13002670,Dingwall and Seaforth ,Wards and Electoral Divisions,WED,2,677,380,275,763,301,230,695,744,2182,2694,827,1158,762,201,78
8907,S13002671,Black Isle ,Wards and Electoral Divisions,WED,2,414,312,229,641,319,182,381,349,1665,2619,891,1238,639,159,91
8908,S13002672,Eilean a' ChÃ¨o ,Wards and Electoral Divisions,WED,1,500,315,212,550,219,177,430,435,1685,2616,918,1164,570,182,88
8909,S13002673,Caol and Mallaig ,Wards and Electoral Divisions,WED,3,487,330,187,512,214,159,387,373,1684,2043,681,909,572,79,63
8910,S13002674,Aird and Loch Ness ,Wards and Electoral Divisions,WED,1,528,369,268,677,297,194,436,460,1997,2884,950,1277,717,157,62
8911,S13002675,Inverness West ,Wards and Electoral Divisions,WED,2,412,190,131,367,223,195,499,570,1669,2110,532,763,528,147,83
8912,S13002676,Inverness Central ,Wards and Electoral Divisions,WED,4,836,427,292,673,334,335,1030,1302,2938,2685,713,1159,854,222,115
8913,S13002677,Inverness Ness-Side ,Wards and Electoral Divisions,WED,1,693,416,236,620,285,233,660,770,2418,2379,744,1110,759,178,73
8914,S13002678,Inverness Millburn ,Wards and Electoral Divisions,WED,5,541,321,202,478,202,195,507,652,1782,1792,538,763,488,138,77
8915,S13002679,Culloden and Ardersier ,Wards and Electoral Divisions,WED,0,682,354,265,704,311,275,667,731,2438,2764,783,949,528,107,29
8916,S13002680,Nairn ,Wards and Electoral Divisions,WED,2,631,388,248,771,304,210,561,522,2183,2673,870,1347,884,230,114
8917,S13002681,Inverness South ,Wards and Electoral Divisions,WED,0,1106,554,321,862,326,224,641,907,3334,2540,693,777,452,99,42
8918,S13002682,Badenoch and Strathspey ,Wards and Electoral Divisions,WED,9,668,435,271,821,314,270,646,791,2524,3043,1100,1459,839,214,113
8919,S13002683,Fort William and Ardnamurchan ,Wards and Electoral Divisions,WED,1,687,404,230,647,253,189,555,610,2123,2507,825,1151,641,135,75
8920,S13002684,Inverclyde East ,Wards and Electoral Divisions,WED,2,921,598,349,1030,470,415,936,885,3166,3860,1330,1780,959,227,99
8921,S13002685,Inverclyde East Central ,Wards and Electoral Divisions,WED,0,800,457,271,783,331,396,990,1021,2718,3125,831,1105,700,175,96
8922,S13002686,Inverclyde North ,Wards and Electoral Divisions,WED,7,756,373,230,636,285,406,966,983,2724,3484,1006,1696,1424,394,238
8923,S13002687,Inverclyde South ,Wards and Electoral Divisions,WED,0,572,341,228,616,282,287,793,736,2266,2545,699,1133,716,135,50
8924,S13002688,Inverclyde West ,Wards and Electoral Divisions,WED,0,455,268,166,535,235,286,593,514,1964,2566,798,1322,818,157,70
8925,S13002689,Inverclyde South West ,Wards and Electoral Divisions,WED,1,700,446,285,898,376,308,721,587,2439,2938,716,880,486,71,45
8926,S13002690,Penicuik ,Wards and Electoral Divisions,WED,1,737,410,279,780,332,336,784,715,2629,3029,1076,1479,821,148,75
8927,S13002691,Bonnyrigg ,Wards and Electoral Divisions,WED,1,913,575,361,1006,409,410,908,810,3058,3497,1085,1489,863,210,93
8928,S13002692,Dalkeith ,Wards and Electoral Divisions,WED,1,706,394,245,694,304,253,703,736,2386,2518,748,1059,674,119,61
8929,S13002693,Midlothian West ,Wards and Electoral Divisions,WED,2,724,463,294,832,352,346,735,741,2692,3064,1157,1426,761,195,82
8930,S13002694,Midlothian East ,Wards and Electoral Divisions,WED,2,855,500,305,883,376,349,851,730,2785,3181,983,1356,791,159,95
8931,S13002695,Midlothian South ,Wards and Electoral Divisions,WED,2,943,535,320,852,352,345,785,725,2882,2780,744,1021,693,167,66
8932,S13002696,Speyside Glenlivet ,Wards and Electoral Divisions,WED,4,467,303,228,623,241,192,376,379,1710,2184,739,1176,601,125,74
8933,S13002697,Keith and Cullen ,Wards and Electoral Divisions,WED,5,550,287,237,590,258,214,530,469,1817,2332,813,1171,803,185,84
8934,S13002698,Buckie ,Wards and Electoral Divisions,WED,1,562,324,191,574,221,238,574,579,1849,1967,668,1058,794,160,74
8935,S13002699,Fochabers Lhanbryde ,Wards and Electoral Divisions,WED,0,476,317,202,612,278,215,426,458,1834,2472,809,1142,652,128,68
8936,S13002700,Heldon and Laich ,Wards and Electoral Divisions,WED,1,766,389,338,969,506,428,1024,974,2751,3061,903,1289,743,141,75
8937,S13002701,Elgin City North ,Wards and Electoral Divisions,WED,1,941,421,249,730,312,275,670,925,2573,2109,643,1034,714,144,105
8938,S13002702,Elgin City South ,Wards and Electoral Divisions,WED,1,663,371,218,652,298,241,662,712,2441,2268,751,953,692,170,79
8939,S13002703,Forres ,Wards and Electoral Divisions,WED,0,821,495,317,888,382,345,749,830,2859,3438,1057,1558,886,239,105
8940,S13002704,Irvine West ,Wards and Electoral Divisions,WED,1,1105,610,398,1124,522,482,1239,1169,3603,4182,1264,2072,1304,248,110
8941,S13002705,Irvine East ,Wards and Electoral Divisions,WED,2,1225,610,449,1305,598,587,1209,1112,4109,4581,1360,1694,770,152,81
8942,S13002706,Kilwinning ,Wards and Electoral Divisions,WED,1,1015,614,362,1013,462,450,1073,995,3395,3714,1216,1543,848,181,74
8943,S13002707,Saltcoats and Stevenston ,Wards and Electoral Divisions,WED,4,1214,724,439,1241,539,559,1344,1190,3868,4365,1315,2028,1138,261,158
8944,S13002708,Ardrossan and Arran ,Wards and Electoral Divisions,WED,6,852,517,343,973,453,397,972,880,3069,3881,1344,2028,1071,264,161
8945,S13002709,Dalry and West Kilbride ,Wards and Electoral Divisions,WED,1,587,362,267,657,288,239,563,510,2083,2535,954,1316,748,141,69
8946,S13002710,Kilbirnie and Beith ,Wards and Electoral Divisions,WED,2,830,478,337,882,380,360,850,855,2932,3360,982,1511,859,210,74
8947,S13002711,North Coast and Cumbraes ,Wards and Electoral Divisions,WED,7,592,421,299,815,354,284,696,576,2447,3539,1480,2391,1705,440,248
8948,S13002712,Kilsyth ,Wards and Electoral Divisions,WED,0,650,439,226,724,307,307,704,715,2337,2541,857,1223,708,139,61
8949,S13002713,Cumbernauld North ,Wards and Electoral Divisions,WED,2,1101,771,515,1425,522,459,908,828,4167,4313,1034,1157,554,71,46
8950,S13002714,Cumbernauld South ,Wards and Electoral Divisions,WED,0,1148,646,428,1176,489,540,1285,1275,3782,4072,1360,2029,1101,167,64
8951,S13002715,"Abronhill, Kildrum and the Village ",Wards and Electoral Divisions,WED,2,938,501,314,874,401,398,981,1070,3171,3077,938,1377,666,122,46
8952,S13002717,Coatbridge North and Glenboig ,Wards and Electoral Divisions,WED,2,1060,610,366,1037,440,475,1258,1374,3909,4000,1146,1742,1124,215,99
8953,S13002718,Airdrie North ,Wards and Electoral Divisions,WED,2,1177,722,427,1236,534,502,1161,1259,4165,4157,1174,1790,957,177,81
8954,S13002719,Airdrie Central ,Wards and Electoral Divisions,WED,0,1028,485,361,879,383,423,1095,1102,3231,3281,921,1502,861,194,56
8955,S13002720,Coatbridge West ,Wards and Electoral Divisions,WED,2,936,602,414,1061,427,434,971,922,3494,3023,857,1188,660,163,81
8956,S13002721,Coatbridge South ,Wards and Electoral Divisions,WED,1,1054,589,318,894,364,385,932,1049,3355,3344,705,1087,742,132,42
8957,S13002722,Airdrie South ,Wards and Electoral Divisions,WED,0,1234,767,494,1370,507,505,1183,1165,4363,4208,1178,1499,742,123,51
8958,S13002723,Fortissat ,Wards and Electoral Divisions,WED,0,861,430,274,805,346,369,1007,1095,3233,3176,1003,1400,824,151,76
8959,S13002724,Thorniewood ,Wards and Electoral Divisions,WED,1,831,504,330,967,414,404,932,898,2926,3333,977,1285,634,139,69
8960,S13002725,Bellshill ,Wards and Electoral Divisions,WED,2,901,534,338,910,358,393,973,907,3108,3314,973,1282,719,165,72
8961,S13002726,Mossend and Holytown ,Wards and Electoral Divisions,WED,0,777,482,290,811,327,359,919,990,2756,2875,695,972,580,121,42
8962,S13002727,Motherwell West ,Wards and Electoral Divisions,WED,3,845,526,357,907,370,352,841,956,3041,2901,857,1292,670,184,101
8963,S13002728,Motherwell North ,Wards and Electoral Divisions,WED,0,1177,663,459,1074,465,484,1242,1262,4124,3612,1037,1438,798,161,60
8964,S13002729,Motherwell South East and Ravenscraig ,Wards and Electoral Divisions,WED,0,1193,528,349,895,374,432,1175,1371,3730,3455,951,1599,1082,232,99
8965,S13002730,Murdostoun ,Wards and Electoral Divisions,WED,6,1207,686,401,1132,461,494,1197,1226,3820,4012,1123,1626,1145,195,87
8966,S13002731,Wishaw ,Wards and Electoral Divisions,WED,2,1089,617,410,1115,421,494,1165,1202,3939,3993,1123,1800,1262,285,132
8967,S13002732,Kirkwall East ,Wards and Electoral Divisions,WED,1,255,136,94,279,129,126,292,258,879,984,290,437,271,50,27
8968,S13002733,Kirkwall West and Orphir ,Wards and Electoral Divisions,WED,2,217,125,76,202,123,88,312,235,784,789,266,398,226,80,47
8969,S13002734,Stromness and South Isles ,Wards and Electoral Divisions,WED,2,114,62,53,149,60,42,127,142,481,633,240,388,185,53,31
8970,S13002735,West Mainland ,Wards and Electoral Divisions,WED,1,221,110,82,256,103,83,183,201,750,1080,351,500,273,44,31
8971,S13002736,"East Mainland, South Ronaldsay and Burray ",Wards and Electoral Divisions,WED,0,196,111,59,182,88,69,145,149,614,803,229,358,181,42,20
8972,S13002737,North Isles ,Wards and Electoral Divisions,WED,1,104,62,34,137,44,41,74,63,362,562,230,357,166,36,18
8973,S13002738,Carse of Gowrie ,Wards and Electoral Divisions,WED,3,618,343,211,519,179,141,455,533,2031,2111,736,1043,563,106,40
8974,S13002739,Strathmore ,Wards and Electoral Divisions,WED,3,736,409,302,844,305,268,612,667,2495,3407,1188,1858,1250,274,137
8975,S13002740,Blairgowrie and Glens ,Wards and Electoral Divisions,WED,2,531,243,194,609,228,244,535,561,1702,2376,882,1398,933,233,108
8976,S13002741,Highland ,Wards and Electoral Divisions,WED,4,330,222,164,486,203,165,411,475,1467,2070,847,1207,820,210,93
8977,S13002742,Strathtay ,Wards and Electoral Divisions,WED,1,434,282,180,584,226,175,396,432,1777,2274,764,1038,651,142,83
8978,S13002743,Strathearn ,Wards and Electoral Divisions,WED,2,465,318,222,697,283,241,471,470,1747,2301,820,1316,998,271,141
8979,S13002744,Strathallan ,Wards and Electoral Divisions,WED,3,455,354,213,580,222,196,446,463,1732,2223,734,1135,734,171,87
8980,S13002745,Kinross-shire ,Wards and Electoral Divisions,WED,1,610,415,342,845,379,253,492,416,2221,3202,968,1418,733,177,72
8981,S13002746,Almond and Earn ,Wards and Electoral Divisions,WED,4,574,334,232,964,597,305,453,441,2026,2697,850,1133,681,151,92
8982,S13002747,Perth City South ,Wards and Electoral Divisions,WED,5,688,456,287,885,334,285,637,665,2596,3217,954,1499,1011,312,127
8983,S13002748,Perth City North ,Wards and Electoral Divisions,WED,3,1169,587,395,1038,383,490,1282,1468,3613,3322,932,1173,763,182,60
8984,S13002749,Perth City Centre ,Wards and Electoral Divisions,WED,5,707,374,228,653,290,442,1325,1472,3237,3037,946,1414,1037,318,170
8985,S13002750,Renfrew North ,Wards and Electoral Divisions,WED,0,666,354,235,659,277,329,823,1023,2591,2863,857,1123,575,155,55
8986,S13002751,Renfrew South & Gallowhill ,Wards and Electoral Divisions,WED,2,967,513,265,827,341,363,859,938,3130,2829,908,1465,894,214,108
8987,S13002752,Paisley East & Ralston ,Wards and Electoral Divisions,WED,2,904,418,294,763,358,417,1225,1175,3570,3725,1097,1499,1068,274,154
8988,S13002753,Paisley North West ,Wards and Electoral Divisions,WED,1,1224,571,339,977,408,578,1619,1669,4422,3990,939,1284,864,174,109
8989,S13002754,Paisley South ,Wards and Electoral Divisions,WED,3,1026,595,354,986,449,506,1166,1153,3693,3995,1087,1701,1273,262,125
8990,S13002755,Paisley South West ,Wards and Electoral Divisions,WED,2,844,528,342,1019,379,395,1022,940,3069,3829,1035,1566,959,187,95
8991,S13002756,"Johnstone South, Elderslie & Howwood ",Wards and Electoral Divisions,WED,3,980,609,399,1024,433,481,1019,961,3343,3772,1113,1704,1173,252,119
8992,S13002757,"Johnstone North, Kilbarchan & Lochwinnoch ",Wards and Electoral Divisions,WED,0,755,443,282,746,322,322,745,762,2666,3067,920,1360,850,160,87
8993,S13002758,"Houston, Crosslee & Linwood ",Wards and Electoral Divisions,WED,0,851,562,368,1052,416,434,920,794,2886,3647,956,1674,895,132,30
8994,S13002759,"Bishopton, Bridge of Weir & Langbank ",Wards and Electoral Divisions,WED,2,504,344,233,693,305,251,579,429,1912,2818,963,1256,645,214,107
8995,S13002760,Erskine & Inchinnan ,Wards and Electoral Divisions,WED,0,915,629,401,1158,471,471,1041,855,3464,4001,1146,1515,783,208,132
8996,S13002761,Tweeddale West ,Wards and Electoral Divisions,WED,4,538,352,239,590,244,165,370,361,1875,2393,680,961,629,188,101
8997,S13002762,Tweeddale East ,Wards and Electoral Divisions,WED,2,572,367,242,619,259,172,379,338,1922,2405,782,1222,669,148,77
8998,S13002763,Galashiels and District ,Wards and Electoral Divisions,WED,2,803,407,282,720,339,451,1150,942,2746,3163,956,1222,846,265,123
8999,S13002764,Selkirkshire ,Wards and Electoral Divisions,WED,2,474,274,189,533,215,161,454,412,1700,2253,856,1141,625,171,80
9000,S13002765,Leaderdale and Melrose ,Wards and Electoral Divisions,WED,1,603,407,275,706,260,205,333,440,2167,2513,786,1093,671,172,83
9001,S13002766,Mid Berwickshire ,Wards and Electoral Divisions,WED,4,444,334,237,582,258,180,415,429,1781,2425,888,1311,791,165,77
9002,S13002767,East Berwickshire ,Wards and Electoral Divisions,WED,2,518,300,177,555,253,240,469,425,1735,2451,903,1343,748,186,76
9003,S13002768,Kelso and District ,Wards and Electoral Divisions,WED,1,461,293,194,523,218,167,422,434,1681,2223,820,1310,889,240,107
9004,S13002769,Jedburgh and District ,Wards and Electoral Divisions,WED,2,452,266,178,553,220,185,381,375,1667,2077,778,1173,646,158,97
9005,S13002770,Hawick and Denholm ,Wards and Electoral Divisions,WED,4,493,326,235,561,241,215,467,465,1715,2042,774,1028,637,132,67
9006,S13002771,Hawick and Hermitage ,Wards and Electoral Divisions,WED,0,354,196,135,393,180,192,432,408,1506,2012,714,1147,748,179,77
9007,S13002772,North Isles ,Wards and Electoral Divisions,WED,1,155,83,69,160,56,50,112,129,475,596,223,387,192,45,25
9008,S13002773,Shetland North ,Wards and Electoral Divisions,WED,1,187,97,74,223,117,79,190,186,635,765,232,257,131,32,22
9009,S13002774,Shetland West ,Wards and Electoral Divisions,WED,0,176,82,58,195,87,55,125,135,494,576,172,235,126,32,17
9010,S13002775,Shetland Central ,Wards and Electoral Divisions,WED,0,216,125,73,177,72,56,159,199,705,698,199,220,140,33,19
9011,S13002776,Shetland South ,Wards and Electoral Divisions,WED,1,226,122,80,257,100,76,148,149,715,799,252,314,148,36,20
9012,S13002777,Lerwick North ,Wards and Electoral Divisions,WED,0,146,85,55,146,74,89,287,227,661,651,198,266,189,51,30
9013,S13002778,Lerwick South ,Wards and Electoral Divisions,WED,0,283,208,115,292,123,111,274,228,921,978,281,464,252,67,27
9014,S13002779,Troon ,Wards and Electoral Divisions,WED,4,702,417,268,795,360,315,774,687,2544,3420,1288,1843,1071,308,149
9015,S13002780,Prestwick ,Wards and Electoral Divisions,WED,0,717,417,273,797,371,310,743,685,2697,3594,1102,1778,1236,370,165
9016,S13002781,Ayr North ,Wards and Electoral Divisions,WED,1,1038,505,319,915,421,440,1255,1158,3251,3434,1001,1498,997,225,86
9017,S13002782,Ayr East ,Wards and Electoral Divisions,WED,2,669,439,284,813,373,316,789,719,2436,3386,1079,1653,1111,239,98
9018,S13002783,Ayr West ,Wards and Electoral Divisions,WED,6,595,393,245,706,332,274,743,607,2329,3194,1248,2084,1467,433,253
9019,S13002784,Kyle ,Wards and Electoral Divisions,WED,1,628,365,258,703,261,269,574,539,2213,2551,817,1345,695,122,68
9020,S13002785,"Maybole, North Carrick and Coylton ",Wards and Electoral Divisions,WED,2,671,440,310,869,380,308,781,721,2623,3391,1053,1513,813,188,89
9021,S13002786,Girvan and South Carrick ,Wards and Electoral Divisions,WED,2,492,274,205,609,262,192,491,433,1644,2162,819,1323,765,185,90
9022,S13002787,Clydesdale West ,Wards and Electoral Divisions,WED,1,1018,552,379,1083,539,456,1072,1124,3772,4496,1360,1816,956,213,109
9023,S13002788,Clydesdale North ,Wards and Electoral Divisions,WED,3,761,422,280,766,344,318,767,719,2841,3364,1106,1605,1004,199,104
9024,S13002789,Clydesdale East ,Wards and Electoral Divisions,WED,1,660,413,291,778,305,241,574,532,2479,3141,901,1263,749,178,59
9025,S13002790,Clydesdale South ,Wards and Electoral Divisions,WED,6,845,526,351,996,359,343,764,811,3054,3261,983,1469,811,234,148
9026,S13002791,Avondale and Stonehouse ,Wards and Electoral Divisions,WED,2,883,555,398,1058,435,358,809,785,3321,3837,1151,1633,889,218,111
9027,S13002792,East Kilbride South ,Wards and Electoral Divisions,WED,3,959,598,390,1037,485,426,957,912,3252,3302,902,1168,641,177,115
9028,S13002793,East Kilbride Central South ,Wards and Electoral Divisions,WED,2,754,407,254,711,390,362,846,899,2733,3079,712,1277,1216,239,85
9029,S13002794,East Kilbride Central North ,Wards and Electoral Divisions,WED,2,860,474,343,997,464,447,1071,1063,3268,4014,931,1816,1443,329,110
9030,S13002795,East Kilbride West ,Wards and Electoral Divisions,WED,2,783,518,349,1038,509,465,951,635,2830,4341,966,1144,560,116,44
9031,S13002796,East Kilbride East ,Wards and Electoral Divisions,WED,0,651,336,207,656,278,331,725,673,2354,2711,652,1357,923,173,87
9032,S13002797,Rutherglen South ,Wards and Electoral Divisions,WED,7,775,420,247,730,327,362,792,753,2793,3195,945,1494,1130,274,140
9033,S13002798,Rutherglen Central and North ,Wards and Electoral Divisions,WED,1,623,288,208,584,253,338,809,950,2710,3027,847,1287,798,191,77
9034,S13002799,Cambuslang West ,Wards and Electoral Divisions,WED,2,958,490,302,861,380,406,859,946,3203,3648,1046,1327,842,166,91
9035,S13002800,Cambuslang East ,Wards and Electoral Divisions,WED,0,1144,701,403,1058,390,366,766,985,4013,3030,749,928,479,106,39
9036,S13002801,Blantyre ,Wards and Electoral Divisions,WED,1,932,537,376,1011,391,433,983,1085,3406,3905,1173,1727,862,146,67
9037,S13002802,Bothwell and Uddingston ,Wards and Electoral Divisions,WED,3,590,371,239,608,310,269,632,634,2274,2840,800,1200,789,195,100
9038,S13002803,Hamilton North and East ,Wards and Electoral Divisions,WED,2,746,414,238,650,321,407,1018,1176,3367,3094,972,1476,1011,245,127
9039,S13002804,Hamilton West and Earnock ,Wards and Electoral Divisions,WED,0,1235,704,387,1029,421,442,1166,1375,4357,4004,1099,1391,815,131,63
9040,S13002805,Hamilton South ,Wards and Electoral Divisions,WED,2,1223,691,436,1222,478,453,1005,1068,4248,3967,1185,1881,966,181,60
9041,S13002806,Larkhall ,Wards and Electoral Divisions,WED,5,1001,591,400,1062,453,509,1054,1043,3600,4122,1318,1960,1053,225,115
9042,S13002807,Trossachs and Teith ,Wards and Electoral Divisions,WED,1,491,354,240,657,272,202,521,471,1990,2740,899,1326,716,191,86
9043,S13002808,Forth and Endrick ,Wards and Electoral Divisions,WED,0,546,448,317,964,350,201,477,343,2042,3124,968,1471,838,200,97
9044,S13002809,Dunblane and Bridge of Allan ,Wards and Electoral Divisions,WED,3,698,542,361,1182,427,1306,1439,588,2583,3203,1040,1588,943,236,125
9045,S13002810,Castle ,Wards and Electoral Divisions,WED,1,673,326,196,610,247,632,2336,1046,2488,2104,629,850,474,128,70
9046,S13002811,Stirling West ,Wards and Electoral Divisions,WED,3,630,384,220,715,273,224,670,650,2194,2460,817,1192,916,201,135
9047,S13002812,Stirling East ,Wards and Electoral Divisions,WED,4,713,432,268,711,297,359,1065,976,2885,2703,773,1154,712,128,67
9048,S13002813,Bannockburn ,Wards and Electoral Divisions,WED,1,664,439,263,759,305,308,727,768,2384,2507,686,960,562,119,48
9049,S13002814,Lomond ,Wards and Electoral Divisions,WED,1,616,365,212,564,251,316,681,644,2182,2752,812,1155,712,111,60
9050,S13002815,Leven ,Wards and Electoral Divisions,WED,1,1144,631,335,1069,480,551,1281,1187,3588,4251,1123,1470,741,139,77
9051,S13002816,Dumbarton ,Wards and Electoral Divisions,WED,4,848,457,304,847,379,401,1096,1120,3162,3899,1099,1525,1008,226,134
9052,S13002817,Kilpatrick ,Wards and Electoral Divisions,WED,1,804,434,281,705,342,342,814,856,2379,2589,789,1070,608,153,65
9053,S13002818,Clydebank Central ,Wards and Electoral Divisions,WED,2,837,451,305,906,409,447,923,826,2937,3149,1010,1550,1172,273,116
9054,S13002819,Clydebank Waterfront ,Wards and Electoral Divisions,WED,2,987,533,352,887,397,373,1039,1110,3350,3629,839,1292,882,221,156
9055,S13002820,Linlithgow ,Wards and Electoral Divisions,WED,6,931,514,384,1036,426,279,715,685,3056,3722,1092,1331,757,182,95
9056,S13002821,"Broxburn, Uphall and Winchburgh ",Wards and Electoral Divisions,WED,0,1329,699,399,1116,502,496,1077,1192,4353,4100,1240,1824,999,211,102
9057,S13002822,Livingston North ,Wards and Electoral Divisions,WED,0,1686,997,624,1553,610,569,1444,1631,5563,4761,1297,1479,639,118,50
9058,S13002823,Livingston South ,Wards and Electoral Divisions,WED,2,1510,962,706,1821,730,615,1451,1400,5232,5153,1351,1596,693,143,80
9059,S13002824,East Livingston and East Calder ,Wards and Electoral Divisions,WED,1,1156,656,427,1291,604,563,1230,1191,4343,4491,1232,1629,773,134,43
9060,S13002825,Fauldhouse and the Breich Valley ,Wards and Electoral Divisions,WED,2,974,591,398,951,366,383,1064,1032,3415,3410,1037,1479,773,166,67
9061,S13002826,Whitburn and Blackburn ,Wards and Electoral Divisions,WED,3,1223,711,395,1141,570,461,1145,1170,3976,4188,1248,2119,1082,198,88
9062,S13002827,Bathgate ,Wards and Electoral Divisions,WED,3,1561,783,477,1115,490,465,1372,1521,4949,4146,959,1586,940,190,58
9063,S13002828,Armadale and Blackridge ,Wards and Electoral Divisions,WED,3,1195,625,374,824,325,307,893,950,3602,3036,902,1330,723,137,73
9064,S13002829,Monifieth and Sidlaw ,Wards and Electoral Divisions,WED,5,756,585,350,1081,410,316,667,527,2931,3832,1366,1821,1250,281,145
9065,S13002830,North East ,Wards and Electoral Divisions,WED,1,1209,616,403,1236,434,433,937,991,3268,3159,950,1124,510,114,34
9066,S13002832,Strathkelvin ,Wards and Electoral Divisions,WED,1,1342,818,483,1261,447,503,1112,1124,4758,4297,1260,1638,879,163,85
9067,S13002833,Bishopbriggs South ,Wards and Electoral Divisions,WED,1,563,369,255,720,298,329,784,577,2168,2762,728,1129,679,115,63
9068,S13002834,North East ,Wards and Electoral Divisions,WED,5,2307,1173,699,2129,869,1045,2254,2185,6921,7137,1648,2381,1496,302,144
